{
  "params": {
    "n_estimators": 50,
    "max_depth": 10,
    "min_samples_split": 10,
    "min_samples_leaf": 4,
    "class_weight": "balanced",
    "random_state": 42,
    "n_jobs": -1,
    "max_features": "sqrt"
  },
  "val_pr_auc": 0.7029859056203318,
  "test_pr_auc": 0.7662182322338648,
  "fraud_recall": 0.7755102040816326,
  "fpr": 0.0009848058525604951
}